{
  "state": {
    "isStdOutTTY": true,
    "isStdErrTTY": true,
    "testRunDurationMs": 32018.9499
  },
  "metrics": {
    "iterations": {
      "values": {
        "count": 149,
        "rate": 4.6534942734021385
      },
      "type": "counter",
      "contains": "default"
    },
    "http_req_waiting": {
      "type": "trend",
      "contains": "time",
      "values": {
        "avg": 15.16925515093437,
        "min": 3.4564,
        "med": 13.8823,
        "max": 55.7855,
        "p(90)": 23.463880000000003,
        "p(95)": 28.352259999999998
      }
    },
    "http_req_duration{expected_response:true}": {
      "type": "trend",
      "contains": "time",
      "values": {
        "avg": 54.791736176329614,
        "min": 3.4564,
        "med": 56.0932,
        "max": 99.2649,
        "p(90)": 66.06192,
        "p(95)": 71.34943
      }
    },
    "http_req_duration": {
      "thresholds": {
        "p(95)<300": {
          "ok": true
        }
      },
      "type": "trend",
      "contains": "time",
      "values": {
        "avg": 54.791736176329614,
        "min": 3.4564,
        "med": 56.0932,
        "max": 99.2649,
        "p(90)": 66.06192,
        "p(95)": 71.34943
      }
    },
    "data_sent": {
      "type": "counter",
      "contains": "data",
      "values": {
        "count": 181437,
        "rate": 5666.550607270227
      }
    },
    "http_req_tls_handshaking": {
      "type": "trend",
      "contains": "time",
      "values": {
        "avg": 0,
        "min": 0,
        "med": 0,
        "max": 0,
        "p(90)": 0,
        "p(95)": 0
      }
    },
    "iteration_duration": {
      "contains": "time",
      "values": {
        "med": 2135.0456,
        "max": 2874.7175,
        "p(90)": 2658.4486,
        "p(95)": 2731.1015599999996,
        "avg": 2104.591793959732,
        "min": 1235.8205
      },
      "type": "trend"
    },
    "http_req_connecting": {
      "contains": "time",
      "values": {
        "max": 8.4155,
        "p(90)": 0,
        "p(95)": 0,
        "avg": 0.018076569238140872,
        "min": 0,
        "med": 0
      },
      "type": "trend"
    },
    "http_req_receiving": {
      "type": "trend",
      "contains": "time",
      "values": {
        "avg": 39.59349305222799,
        "min": 0,
        "med": 42.4038,
        "max": 69.637,
        "p(90)": 44.65212,
        "p(95)": 45.64825
      }
    },
    "vus_max": {
      "values": {
        "value": 10,
        "min": 10,
        "max": 10
      },
      "type": "gauge",
      "contains": "default"
    },
    "checks": {
      "thresholds": {
        "rate>0.99": {
          "ok": true
        }
      },
      "type": "rate",
      "contains": "default",
      "values": {
        "rate": 1,
        "passes": 2831,
        "fails": 0
      }
    },
    "http_req_failed": {
      "values": {
        "rate": 0,
        "passes": 0,
        "fails": 2087
      },
      "thresholds": {
        "rate<0.01": {
          "ok": true
        }
      },
      "type": "rate",
      "contains": "default"
    },
    "http_reqs": {
      "type": "counter",
      "contains": "default",
      "values": {
        "count": 2087,
        "rate": 65.18015133282056
      }
    },
    "http_req_blocked": {
      "type": "trend",
      "contains": "time",
      "values": {
        "avg": 0.03127024436990896,
        "min": 0,
        "med": 0,
        "max": 11.1046,
        "p(90)": 0,
        "p(95)": 0
      }
    },
    "vus": {
      "type": "gauge",
      "contains": "default",
      "values": {
        "value": 1,
        "min": 1,
        "max": 10
      }
    },
    "http_req_sending": {
      "type": "trend",
      "contains": "time",
      "values": {
        "p(95)": 0,
        "avg": 0.02898797316722569,
        "min": 0,
        "med": 0,
        "max": 4.1111,
        "p(90)": 0
      }
    },
    "data_received": {
      "type": "counter",
      "contains": "data",
      "values": {
        "count": 1160343,
        "rate": 36239.258427397705
      }
    }
  },
  "root_group": {
    "groups": [],
    "checks": [
        {
          "name": "health status 200",
          "path": "::health status 200",
          "id": "54cc6b20b1977b24d2246b3d411f7567",
          "passes": 149,
          "fails": 0
        },
        {
          "name": "health body ok",
          "path": "::health body ok",
          "id": "a3a86893b881c8ced0f29652e664e0be",
          "passes": 149,
          "fails": 0
        },
        {
          "passes": 149,
          "fails": 0,
          "name": "users status 200",
          "path": "::users status 200",
          "id": "69dba856e21c068d3d0c05ccd2447533"
        },
        {
          "passes": 149,
          "fails": 0,
          "name": "users is array",
          "path": "::users is array",
          "id": "6d6e1486fe67efddf35a0a05a7fb037d"
        },
        {
          "fails": 0,
          "name": "user status 200",
          "path": "::user status 200",
          "id": "aac8d1d6e0b8ab785969e3919333cda0",
          "passes": 149
        },
        {
          "id": "8e7eb769dede5ccc7cbf422f0f821ab7",
          "passes": 149,
          "fails": 0,
          "name": "user bookings status 200",
          "path": "::user bookings status 200"
        },
        {
          "fails": 0,
          "name": "events status 200",
          "path": "::events status 200",
          "id": "c9504a49201db4670124d27003d376dd",
          "passes": 149
        },
        {
          "name": "events is array",
          "path": "::events is array",
          "id": "65b5d27eb5934adff178509725fab511",
          "passes": 149,
          "fails": 0
        },
        {
          "path": "::event status 200",
          "id": "530b2ec1c345bbff15058ebbd366373e",
          "passes": 149,
          "fails": 0,
          "name": "event status 200"
        },
        {
          "name": "upcoming status 200",
          "path": "::upcoming status 200",
          "id": "496584dcf3420437125fb51140534385",
          "passes": 149,
          "fails": 0
        },
        {
          "id": "644a0e6ab046e4cf31ebf297a7476450",
          "passes": 149,
          "fails": 0,
          "name": "search status 200",
          "path": "::search status 200"
        },
        {
          "path": "::popular status 200",
          "id": "3b2439611124ec0542b149e537c431bd",
          "passes": 149,
          "fails": 0,
          "name": "popular status 200"
        },
        {
          "id": "51f01f379f77535c494ccd9270ebd783",
          "passes": 149,
          "fails": 0,
          "name": "event stats status 200",
          "path": "::event stats status 200"
        },
        {
          "passes": 149,
          "fails": 0,
          "name": "event bookings status 200",
          "path": "::event bookings status 200",
          "id": "60e60d1a7be3d50e50fb444fda5c0aae"
        },
        {
          "name": "bookings status 200",
          "path": "::bookings status 200",
          "id": "a6ce9ed54730df2271aeb23cda45e90b",
          "passes": 149,
          "fails": 0
        },
        {
          "name": "bookings is array",
          "path": "::bookings is array",
          "id": "247ec2819281dae493d34166ba14c669",
          "passes": 149,
          "fails": 0
        },
        {
          "fails": 0,
          "name": "booking status 200 or 404",
          "path": "::booking status 200 or 404",
          "id": "b9005c19b025464fc8a76819878a26e8",
          "passes": 149
        },
        {
          "name": "global stats status 200",
          "path": "::global stats status 200",
          "id": "ceb5a273033e23e8747da1ca8dbb49c3",
          "passes": 149,
          "fails": 0
        },
        {
          "name": "global stats has fields",
          "path": "::global stats has fields",
          "id": "4e6ae420663745ec86b6269efd10b9c4",
          "passes": 149,
          "fails": 0
        }
      ],
    "name": "",
    "path": "",