{
  "metrics": {
    "http_req_duration{scenario:light_reads}": {
      "contains": "time",
      "values": {
        "avg": 47.421918819444585,
        "min": 2.1251,
        "med": 55.838800000000006,
        "max": 124.9484,
        "p(90)": 66.08598000000002,
        "p(95)": 71.43357499999999
      },
      "thresholds": {
        "p(95)<200": {
          "ok": true
        }
      },
      "type": "trend"
    },
    "iterations": {
      "type": "counter",
      "contains": "default",
      "values": {
        "count": 8106,
        "rate": 17.58291647514109
      }
    },
    "http_req_tls_handshaking": {
      "contains": "time",
      "values": {
        "avg": 0,
        "min": 0,
        "med": 0,
        "max": 0,
        "p(90)": 0,
        "p(95)": 0
      },
      "type": "trend"
    },
    "http_req_waiting": {
      "contains": "time",
      "values": {
        "max": 129.2278,
        "p(90)": 23.069220000000005,
        "p(95)": 28.080839999999995,
        "avg": 14.219637415944415,
        "min": 2.1251,
        "med": 12.4039
      },
      "type": "trend"
    },
    "http_req_duration{expected_response:true}": {
      "values": {
        "p(95)": 64.40177999999999,
        "avg": 29.956478909317006,
        "min": 2.1251,
        "med": 17.9689,
        "max": 129.2278,
        "p(90)": 59.96554000000001
      },
      "type": "trend",
      "contains": "time"
    },
    "data_received": {
      "type": "counter",
      "contains": "data",
      "values": {
        "count": 95874332,
        "rate": 207963.28295903612
      }
    },
    "http_req_duration": {
      "type": "trend",
      "contains": "time",
      "values": {
        "med": 17.9689,
        "max": 129.2278,
        "p(90)": 59.96554000000001,
        "p(95)": 64.40177999999999,
        "avg": 29.956478909317006,
        "min": 2.1251
      }
    },
    "vus_max": {
      "type": "gauge",
      "contains": "default",
      "values": {
        "max": 20,
        "value": 20,
        "min": 20
      }
    },
    "http_req_duration{scenario:writes}": {
      "values": {
        "avg": 37.39594761329301,
        "min": 8.3564,
        "med": 45.6476,
        "max": 95.478,
        "p(90)": 60.25917,
        "p(95)": 64.70266999999998
      },
      "thresholds": {
        "p(95)<1000": {
          "ok": true
        }
      },
      "type": "trend",
      "contains": "time"
    },
    "iteration_duration": {
      "type": "trend",
      "contains": "time",
      "values": {
        "avg": 745.032286318776,
        "min": 331.3149,
        "med": 743.0940499999999,
        "max": 1240.549,
        "p(90)": 1027.3494,
        "p(95)": 1066.270675
      }
    },
    "http_req_failed": {
      "thresholds": {
        "rate<0.05": {
          "ok": true
        }
      },
      "type": "rate",
      "contains": "default",
      "values": {
        "rate": 0,
        "passes": 0,
        "fails": 25727
      }
    },
    "http_req_connecting": {
      "type": "trend",
      "contains": "time",
      "values": {
        "med": 0,
        "max": 23.6842,
        "p(90)": 0,
        "p(95)": 0,
        "avg": 0.018934150892058927,
        "min": 0
      }
    },
    "http_req_blocked": {
      "type": "trend",
      "contains": "time",
      "values": {
        "avg": 0.044639351653904515,
        "min": 0,
        "med": 0,
        "max": 27.0142,
        "p(90)": 0,
        "p(95)": 0
      }
    },
    "http_req_receiving": {
      "type": "trend",
      "contains": "time",
      "values": {
        "avg": 15.709690593539916,
        "min": 0,
        "med": 0.5145,
        "max": 66.2599,
        "p(90)": 43.63426,
        "p(95)": 44.42446999999999
      }
    },
    "http_reqs": {
      "type": "counter",
      "contains": "default",
      "values": {
        "count": 25727,
        "rate": 55.80504467751725
      }
    },
    "data_sent": {
      "type": "counter",
      "contains": "data",
      "values": {
        "count": 2420635,
        "rate": 5250.656676758346
      }
    },
    "http_req_duration{scenario:search_filter}": {
      "type": "trend",
      "contains": "time",
      "values": {
        "p(90)": 52.90283,
        "p(95)": 55.44993499999999,
        "avg": 23.303949630314253,
        "min": 3.5235,
        "med": 12.7873,
        "max": 86.7808
      },
      "thresholds": {
        "p(95)<500": {
          "ok": true
        }
      }
    },
    "vus": {
      "type": "gauge",
      "contains": "default",
      "values": {
        "max": 20,
        "value": 1,
        "min": 0
      }
    },
    "http_req_duration{scenario:heavy_aggregations}": {
      "type": "trend",
      "contains": "time",
      "values": {
        "avg": 28.117002298850608,
        "min": 4.5823,
        "med": 14.2375,
        "max": 111.8302,
        "p(90)": 61.86942,
        "p(95)": 66.51274
      },
      "thresholds": {
        "p(95)<1500": {
          "ok": true
        }
      }
    },
    "http_req_duration{scenario:list_reads}": {
      "type": "trend",
      "contains": "time",
      "values": {
        "avg": 15.951486532180601,
        "min": 4.0719,
        "med": 13.6602,
        "max": 129.2278,
        "p(90)": 26.01624000000001,
        "p(95)": 32.00712
      },
      "thresholds": {
        "p(95)<500": {
          "ok": true
        }
      }
    },
    "checks": {
      "type": "rate",
      "contains": "default",
      "values": {
        "rate": 1,
        "passes": 25726,
        "fails": 0
      },
      "thresholds": {
        "rate>0.95": {
          "ok": true
        }
      }
    },
    "http_req_sending": {
      "type": "trend",
      "contains": "time",
      "values": {
        "max": 13.216,
        "p(90)": 0,
        "p(95)": 0,
        "avg": 0.027150899832860433,
        "min": 0,
        "med": 0
      }
    }
  },
  "root_group": {
    "path": "",
    "id": "d41d8cd98f00b204e9800998ecf8427e",
    "groups": [],
    "checks": [
        {
          "name": "health 200",
          "path": "::health 200",
          "id": "8e4f90a842a57472549a6b2cf699032d",
          "passes": 1440,
          "fails": 0
        },
        {
          "name": "user 200",
          "path": "::user 200",
          "id": "9400e30b34b5bd5a61348b7a461d6b31",
          "passes": 1440,
          "fails": 0
        },
        {
          "id": "2960fe5baba029eb3c571090547b734b",
          "passes": 1440,
          "fails": 0,
          "name": "event 200",
          "path": "::event 200"
        },
        {
          "name": "booking 200 or 404",
          "path": "::booking 200 or 404",
          "id": "3de3597a14649ec5c940431f5c6a8580",
          "passes": 1440,
          "fails": 0
        },
        {
          "path": "::users 200",
          "id": "84d5e52ac2e418f4db0f079fd031156d",
          "passes": 1735,
          "fails": 0,
          "name": "users 200"
        },
        {
          "name": "events 200",
          "path": "::events 200",
          "id": "76bdd0589e3db2f73358e667a40fa019",
          "passes": 1735,
          "fails": 0
        },
        {
          "name": "bookings 200",
          "path": "::bookings 200",
          "id": "ffc52e51a9d864d239ca3c687df1b540",
          "passes": 1735,
          "fails": 0
        },
        {
          "passes": 1623,
          "fails": 0,
          "name": "search 200",
          "path": "::search 200",
          "id": "f1430541508c538fdf29bbd85cfe5de5"
        },
        {
          "name": "upcoming 200",
          "path": "::upcoming 200",
          "id": "d448944abdade87acbb9b1020aaca3a0",
          "passes": 1623,
          "fails": 0
        },
        {
          "name": "user bookings 200",
          "path": "::user bookings 200",
          "id": "d138d28d4b557a6c271401334ad37d85",
          "passes": 1623,
          "fails": 0
        },
        {
          "name": "event bookings 200",
          "path": "::event bookings 200",
          "id": "03d5e7f414b959f50e80ced065f3e692",