{
  "metrics": {
    "http_req_receiving": {
      "type": "trend",
      "contains": "time",
      "values": {
        "avg": 0.21448284191829467,
        "min": 0,
        "med": 0,
        "max": 10.6991,
        "p(90)": 0.6409,
        "p(95)": 0.8654599999999836
      }
    },
    "http_req_sending": {
      "type": "trend",
      "contains": "time",
      "values": {
        "avg": 0.03239523978685612,
        "min": 0,
        "med": 0,
        "max": 7.9328,
        "p(90)": 0,
        "p(95)": 0
      }
    },
    "checks": {
      "type": "rate",
      "contains": "default",
      "values": {
        "passes": 3819,
        "fails": 0,
        "rate": 1
      },
      "thresholds": {
        "rate>0.99": {
          "ok": true
        }
      }
    },
    "http_req_duration": {
      "thresholds": {
        "p(95)<300": {
          "ok": true
        }
      },
      "type": "trend",
      "contains": "time",
      "values": {
        "avg": 21.75732589698044,
        "min": 2.9222,
        "med": 18.57,
        "max": 230.0569,
        "p(90)": 35.83226,
        "p(95)": 44.69217999999996
      }
    },
    "http_req_blocked": {
      "type": "trend",
      "contains": "time",
      "values": {
        "avg": 0.016866039076376554,
        "min": 0,
        "med": 0,
        "max": 7.0334,
        "p(90)": 0,
        "p(95)": 0
      }
    },
    "http_req_connecting": {
      "type": "trend",
      "contains": "time",
      "values": {
        "p(95)": 0,
        "avg": 0.008560461811722913,
        "min": 0,
        "med": 0,
        "max": 7.0334,
        "p(90)": 0
      }
    },
    "vus_max": {
      "type": "gauge",
      "contains": "default",
      "values": {
        "value": 10,
        "min": 10,
        "max": 10
      }
    },
    "http_req_waiting": {
      "type": "trend",
      "contains": "time",
      "values": {
        "p(90)": 35.65039999999999,
        "p(95)": 44.26050999999987,
        "avg": 21.51044781527528,
        "min": 2.9222,
        "med": 18.3401,
        "max": 230.0569
      }
    },
    "http_req_duration{expected_response:true}": {
      "type": "trend",
      "contains": "time",
      "values": {
        "p(95)": 44.69217999999996,
        "avg": 21.75732589698044,
        "min": 2.9222,
        "med": 18.57,
        "max": 230.0569,
        "p(90)": 35.83226
      }
    },
    "data_sent": {
      "contains": "data",
      "values": {
        "count": 244714,
        "rate": 7596.622399020829
      },
      "type": "counter"
    },
    "http_reqs": {
      "type": "counter",
      "contains": "default",
      "values": {
        "count": 2815,
        "rate": 87.38565040514084
      }
    },
    "http_req_tls_handshaking": {
      "type": "trend",
      "contains": "time",
      "values": {
        "p(90)": 0,
        "p(95)": 0,
        "avg": 0,
        "min": 0,
        "med": 0,
        "max": 0
      }
    },
    "iterations": {
      "type": "counter",
      "contains": "default",
      "values": {
        "count": 201,
        "rate": 6.239614824665473
      }
    },
    "vus": {
      "values": {
        "value": 1,
        "min": 1,
        "max": 10
      },
      "type": "gauge",
      "contains": "default"
    },
    "http_req_failed": {
      "type": "rate",
      "contains": "default",
      "values": {
        "rate": 0,
        "passes": 0,
        "fails": 2815
      },
      "thresholds": {
        "rate<0.01": {
          "ok": true
        }
      }
    },
    "iteration_duration": {
      "values": {
        "max": 2626.0019,
        "p(90)": 2201.5926,
        "p(95)": 2301.0088,
        "avg": 1539.4738606965184,
        "min": 671.7703,
        "med": 1483.2187
      },
      "type": "trend",
      "contains": "time"
    },
    "data_received": {
      "type": "counter",
      "contains": "data",
      "values": {
        "rate": 48589.33965408178,
        "count": 1565234
      }
    }
  },
  "root_group": {
    "name": "",
    "path": "",
    "id": "d41d8cd98f00b204e9800998ecf8427e",
    "groups": [],
    "checks": [
        {
          "name": "health status 200",
          "path": "::health status 200",
          "id": "54cc6b20b1977b24d2246b3d411f7567",
          "passes": 201,
          "fails": 0
        },
        {
          "path": "::health body ok",
          "id": "a3a86893b881c8ced0f29652e664e0be",
          "passes": 201,
          "fails": 0,
          "name": "health body ok"
        },
        {
          "id": "69dba856e21c068d3d0c05ccd2447533",
          "passes": 201,
          "fails": 0,
          "name": "users status 200",
          "path": "::users status 200"
        },
        {
          "path": "::users is array",
          "id": "6d6e1486fe67efddf35a0a05a7fb037d",
          "passes": 201,
          "fails": 0,
          "name": "users is array"
        },
        {
          "name": "user status 200",
          "path": "::user status 200",
          "id": "aac8d1d6e0b8ab785969e3919333cda0",
          "passes": 201,
          "fails": 0
        },
        {
          "name": "user bookings status 200",
          "path": "::user bookings status 200",
          "id": "8e7eb769dede5ccc7cbf422f0f821ab7",
          "passes": 201,
          "fails": 0
        },
        {
          "passes": 201,
          "fails": 0,
          "name": "events status 200",
          "path": "::events status 200",
          "id": "c9504a49201db4670124d27003d376dd"
        },
        {
          "name": "events is array",
          "path": "::events is array",
          "id": "65b5d27eb5934adff178509725fab511",
          "passes": 201,
          "fails": 0
        },
        {
          "fails": 0,
          "name": "event status 200",
          "path": "::event status 200",
          "id": "530b2ec1c345bbff15058ebbd366373e",
          "passes": 201
        },
        {
          "passes": 201,
          "fails": 0,
          "name": "upcoming status 200",
          "path": "::upcoming status 200",
          "id": "496584dcf3420437125fb51140534385"
        },
        {
          "name": "search status 200",
          "path": "::search status 200",
          "id": "644a0e6ab046e4cf31ebf297a7476450",
          "passes": 201,
          "fails": 0
        },
        {
          "fails": 0,
          "name": "popular status 200",
          "path": "::popular status 200",
          "id": "3b2439611124ec0542b149e537c431bd",
          "passes": 201
        },
        {
          "id": "51f01f379f77535c494ccd9270ebd783",
          "passes": 201,
          "fails": 0,
          "name": "event stats status 200",
          "path": "::event stats status 200"
        },
        {
          "name": "event bookings status 200",
          "path": "::event bookings status 200",
          "id": "60e60d1a7be3d50e50fb444fda5c0aae",
          "passes": 201,
          "fails": 0
        },
        {
          "name": "bookings status 200",
          "path": "::bookings status 200",
          "id": "a6ce9ed54730df2271aeb23cda45e90b",
          "passes": 201,
          "fails": 0
        },
        {
          "name": "bookings is array",
          "path": "::bookings is array",
          "id": "247ec2819281dae493d34166ba14c669",
          "passes": 201,
          "fails": 0
        },
        {
          "id": "b9005c19b025464fc8a76819878a26e8",
          "passes": 201,
          "fails": 0,
          "name": "booking status 200 or 404",
          "path": "::booking status 200 or 404"
        },
        {
          "name": "global stats status 200",
          "path": "::global stats status 200",
          "id": "ceb5a273033e23e8747da1ca8dbb49c3",
          "passes": 201,
          "fails": 0
        },
        {
          "fails": 0,
          "name": "global stats has fields",
          "path": "::global stats has fields",
          "id": "4e6ae420663745ec86b6269efd10b9c4",
          "passes": 201
        }
      ]
  },
  "options": {
    "summaryTimeUnit": "",
    "noColor": false,