{
  "state": {
    "isStdErrTTY": true,
    "testRunDurationMs": 32076.3525,
    "isStdOutTTY": true
  },
  "metrics": {
    "checks": {
      "contains": "default",
      "values": {
        "rate": 1,
        "passes": 3952,
        "fails": 0
      },
      "thresholds": {
        "rate>0.99": {
          "ok": true
        }
      },
      "type": "rate"
    },
    "http_req_duration{expected_response:true}": {
      "type": "trend",
      "contains": "time",
      "values": {
        "min": 2.6431,
        "med": 13.2316,
        "max": 218.3152,
        "p(90)": 30.05664000000001,
        "p(95)": 39.934860000000015,
        "avg": 17.00194133196012
      }
    },
    "http_req_receiving": {
      "type": "trend",
      "contains": "time",
      "values": {
        "avg": 0.12757754891864045,
        "min": 0,
        "med": 0,
        "max": 6.4974,
        "p(90)": 0.5560600000000001,
        "p(95)": 0.6223000000000001
      }
    },
    "vus_max": {
      "type": "gauge",
      "contains": "default",
      "values": {
        "max": 10,
        "value": 10,
        "min": 10
      }
    },
    "http_req_waiting": {
      "values": {
        "min": 2.6431,
        "med": 13.1161,
        "max": 218.3152,
        "p(90)": 29.776420000000005,
        "p(95)": 39.45822000000002,
        "avg": 16.8432677651905
      },
      "type": "trend",
      "contains": "time"
    },
    "http_req_sending": {
      "type": "trend",
      "contains": "time",
      "values": {
        "p(90)": 0,
        "p(95)": 0,
        "avg": 0.031096017851012694,
        "min": 0,
        "med": 0,
        "max": 5.5416
      }
    },
    "iterations": {
      "type": "counter",
      "contains": "default",
      "values": {
        "count": 208,
        "rate": 6.484527815311919
      }
    },
    "http_req_duration": {
      "type": "trend",
      "contains": "time",
      "values": {
        "avg": 17.00194133196012,
        "min": 2.6431,
        "med": 13.2316,
        "max": 218.3152,
        "p(90)": 30.05664000000001,
        "p(95)": 39.934860000000015
      },
      "thresholds": {
        "p(95)<300": {
          "ok": true
        }
      }
    },
    "data_received": {
      "type": "counter",
      "contains": "data",
      "values": {
        "count": 1619793,
        "rate": 50498.04213244009
      }
    },
    "iteration_duration": {
      "type": "trend",
      "contains": "time",
      "values": {
        "min": 630.3876,
        "med": 1497.0486500000002,
        "max": 2868.6888,
        "p(90)": 2088.93953,
        "p(95)": 2135.639265,
        "avg": 1479.076855288461
      }
    },
    "http_req_failed": {
      "contains": "default",
      "values": {
        "rate": 0,
        "passes": 0,
        "fails": 2913
      },
      "thresholds": {
        "rate<0.01": {
          "ok": true
        }
      },
      "type": "rate"
    },
    "vus": {
      "values": {
        "value": 1,
        "min": 1,
        "max": 10
      },
      "type": "gauge",
      "contains": "default"
    },
    "http_reqs": {
      "values": {
        "count": 2913,
        "rate": 90.81456502886356
      },
      "type": "counter",
      "contains": "default"
    },
    "http_req_blocked": {
      "type": "trend",
      "contains": "time",
      "values": {
        "avg": 0.02842993477514589,
        "min": 0,
        "med": 0,
        "max": 9.2549,
        "p(90)": 0,
        "p(95)": 0
      }
    },
    "http_req_connecting": {
      "type": "trend",
      "contains": "time",
      "values": {
        "avg": 0.017724304840370752,
        "min": 0,
        "med": 0,
        "max": 8.2601,
        "p(90)": 0,
        "p(95)": 0
      }
    },
    "data_sent": {
      "type": "counter",
      "contains": "data",
      "values": {
        "count": 253194,
        "rate": 7893.478536875414
      }
    },
    "http_req_tls_handshaking": {
      "type": "trend",
      "contains": "time",
      "values": {
        "max": 0,
        "p(90)": 0,
        "p(95)": 0,
        "avg": 0,
        "min": 0,
        "med": 0
      }
    }
  },
  "root_group": {
    "name": "",
    "path": "",
    "id": "d41d8cd98f00b204e9800998ecf8427e",
    "groups": [],
    "checks": [
        {
          "name": "health status 200",
          "path": "::health status 200",
          "id": "54cc6b20b1977b24d2246b3d411f7567",
          "passes": 208,
          "fails": 0
        },
        {
          "id": "a3a86893b881c8ced0f29652e664e0be",
          "passes": 208,
          "fails": 0,
          "name": "health body ok",
          "path": "::health body ok"
        },
        {
          "path": "::users status 200",
          "id": "69dba856e21c068d3d0c05ccd2447533",
          "passes": 208,
          "fails": 0,
          "name": "users status 200"
        },
        {
          "name": "users is array",
          "path": "::users is array",
          "id": "6d6e1486fe67efddf35a0a05a7fb037d",
          "passes": 208,
          "fails": 0
        },
        {
          "fails": 0,
          "name": "user status 200",
          "path": "::user status 200",
          "id": "aac8d1d6e0b8ab785969e3919333cda0",
          "passes": 208
        },
        {
          "fails": 0,
          "name": "user bookings status 200",
          "path": "::user bookings status 200",
          "id": "8e7eb769dede5ccc7cbf422f0f821ab7",
          "passes": 208
        },
        {
          "id": "c9504a49201db4670124d27003d376dd",
          "passes": 208,
          "fails": 0,
          "name": "events status 200",
          "path": "::events status 200"
        },
        {
          "name": "events is array",
          "path": "::events is array",
          "id": "65b5d27eb5934adff178509725fab511",
          "passes": 208,
          "fails": 0
        },
        {
          "id": "530b2ec1c345bbff15058ebbd366373e",
          "passes": 208,
          "fails": 0,
          "name": "event status 200",
          "path": "::event status 200"
        },
        {
          "id": "496584dcf3420437125fb51140534385",
          "passes": 208,
          "fails": 0,
          "name": "upcoming status 200",
          "path": "::upcoming status 200"
        },
        {
          "name": "search status 200",
          "path": "::search status 200",
          "id": "644a0e6ab046e4cf31ebf297a7476450",
          "passes": 208,
          "fails": 0
        },
        {
          "name": "popular status 200",
          "path": "::popular status 200",
          "id": "3b2439611124ec0542b149e537c431bd",
          "passes": 208,
          "fails": 0
        },
        {
          "name": "event stats status 200",
          "path": "::event stats status 200",
          "id": "51f01f379f77535c494ccd9270ebd783",
          "passes": 208,
          "fails": 0
        },
        {
          "path": "::event bookings status 200",
          "id": "60e60d1a7be3d50e50fb444fda5c0aae",
          "passes": 208,
          "fails": 0,
          "name": "event bookings status 200"
        },
        {
          "passes": 208,
          "fails": 0,
          "name": "bookings status 200",
          "path": "::bookings status 200",
          "id": "a6ce9ed54730df2271aeb23cda45e90b"
        },
        {
          "name": "bookings is array",
          "path": "::bookings is array",
          "id": "247ec2819281dae493d34166ba14c669",
          "passes": 208,
          "fails": 0
        },
        {
          "name": "booking status 200 or 404",
          "path": "::booking status 200 or 404",
          "id": "b9005c19b025464fc8a76819878a26e8",
          "passes": 208,
          "fails": 0
        },
        {
          "name": "global stats status 200",
          "path": "::global stats status 200",
          "id": "ceb5a273033e23e8747da1ca8dbb49c3",
          "passes": 208,
          "fails": 0
        },
        {
          "name": "global stats has fields",
          "path": "::global stats has fields",