{
  "state": {
    "isStdOutTTY": true,
    "isStdErrTTY": true,
    "testRunDurationMs": 120962.3756
  },
  "metrics": {
    "http_req_sending": {
      "type": "trend",
      "contains": "time",
      "values": {
        "avg": 0.02212161245833812,
        "min": 0,
        "med": 0,
        "max": 12.495,
        "p(90)": 0,
        "p(95)": 0
      }
    },
    "http_req_duration{expected_response:true}": {
      "values": {
        "avg": 18.362247914032892,
        "min": 3.1875,
        "med": 13.663499999999999,
        "max": 623.6188,
        "p(90)": 31.506880000000002,
        "p(95)": 40.37386000000001
      },
      "type": "trend",
      "contains": "time"
    },
    "http_req_blocked": {
      "values": {
        "min": 0,
        "med": 0,
        "max": 4.0764,
        "p(90)": 0,
        "p(95)": 0,
        "avg": 0.009764687966900349
      },
      "type": "trend",
      "contains": "time"
    },
    "contention_booking_latency": {
      "thresholds": {
        "p(95)<3000": {
          "ok": true
        }
      },
      "type": "trend",
      "contains": "default",
      "values": {
        "avg": 20.24562675862074,
        "min": 3.2975,
        "med": 13.6783,
        "max": 623.6188,
        "p(90)": 35.30124000000001,
        "p(95)": 47.56966999999994
      }
    },
    "http_req_tls_handshaking": {
      "type": "trend",
      "contains": "time",
      "values": {
        "avg": 0,
        "min": 0,
        "med": 0,
        "max": 0,
        "p(90)": 0,
        "p(95)": 0
      }
    },
    "data_sent": {
      "type": "counter",
      "contains": "data",
      "values": {
        "count": 2069800,
        "rate": 17111.105744520446
      }
    },
    "http_req_waiting": {
      "type": "trend",
      "contains": "time",
      "values": {
        "p(90)": 31.08242,
        "p(95)": 39.988725,
        "avg": 18.152234737386514,
        "min": 3.1875,
        "med": 13.47215,
        "max": 622.4193
      }
    },
    "iteration_duration": {
      "contains": "time",
      "values": {
        "avg": 692.022032793106,
        "min": 311.4349,
        "med": 695.8476499999999,
        "max": 1570.1114,
        "p(90)": 968.3751000000001,
        "p(95)": 1002.3752949999999
      },
      "type": "trend"
    },
    "checks": {
      "values": {
        "rate": 1,
        "passes": 17400,
        "fails": 0
      },
      "thresholds": {
        "rate>0.95": {
          "ok": true
        }
      },
      "type": "rate",
      "contains": "default"
    },
    "http_reqs": {
      "type": "counter",
      "contains": "default",
      "values": {
        "count": 17402,
        "rate": 143.86291533778376
      }
    },
    "contention_booking_success": {
      "type": "counter",
      "contains": "default",
      "values": {
        "count": 283,
        "rate": 2.3395704540048734
      }
    },
    "contention_booking_sold_out": {
      "type": "counter",
      "contains": "default",
      "values": {
        "count": 8417,
        "rate": 69.58362018148063
      }
    },
    "data_received": {
      "type": "counter",
      "contains": "data",
      "values": {
        "count": 4233637,
        "rate": 34999.61850947643
      }
    },
    "http_req_duration": {
      "type": "trend",
      "contains": "time",
      "values": {
        "min": 3.1875,
        "med": 13.663499999999999,
        "max": 623.6188,
        "p(90)": 31.506880000000002,
        "p(95)": 40.37386000000001,
        "avg": 18.362247914032892
      }
    },
    "http_req_connecting": {
      "contains": "time",
      "values": {
        "avg": 0.004326180898747271,
        "min": 0,
        "med": 0,
        "max": 3.4938,
        "p(90)": 0,
        "p(95)": 0
      },
      "type": "trend"
    },
    "vus": {
      "type": "gauge",
      "contains": "default",
      "values": {
        "value": 50,
        "min": 50,
        "max": 50
      }
    },
    "http_req_receiving": {
      "type": "trend",
      "contains": "time",
      "values": {
        "p(95)": 0.7812950000000001,
        "avg": 0.18789156418802502,
        "min": 0,
        "med": 0,
        "max": 40.7696,
        "p(90)": 0.6121899999999999
      }
    },
    "vus_max": {
      "type": "gauge",
      "contains": "default",
      "values": {
        "min": 50,
        "max": 50,
        "value": 50
      }
    },
    "iterations": {
      "type": "counter",
      "contains": "default",
      "values": {
        "count": 8700,
        "rate": 71.9231906354855
      }
    },
    "http_req_failed": {
      "type": "rate",
      "contains": "default",
      "values": {
        "rate": 0,
        "passes": 0,
        "fails": 17402
      },
      "thresholds": {
        "rate<0.05": {
          "ok": true
        }
      }
    }
  },
  "setup_data": {
    "targetEventId": 1,
    "initialTickets": 283
  },
  "root_group": {
    "name": "",
    "path": "",
    "id": "d41d8cd98f00b204e9800998ecf8427e",
    "groups": [],
    "checks": [
        {
          "name": "booking or sold out",
          "path": "::booking or sold out",
          "id": "2c12795334489147cd81635cc47e3d95",
          "passes": 8700,
          "fails": 0
        },
        {
          "name": "event read 200",
          "path": "::event read 200",
          "id": "6420963690bfe9e7a914d5c5be9e0100",
          "passes": 8700,
          "fails": 0
        }
      ]
  },
  "options": {
    "summaryTrendStats": [
      "avg",
      "min",
      "med",
      "max",
      "p(90)",
      "p(95)"
    ],
    "summaryTimeUnit": "",
    "noColor": false
  }
}