{
  "state": {
    "isStdOutTTY": true,
    "isStdErrTTY": true,
    "testRunDurationMs": 460814.9188
  },
  "metrics": {
    "http_req_connecting": {
      "type": "trend",
      "contains": "time",
      "values": {
        "p(95)": 0,
        "avg": 0.008582905131044673,
        "min": 0,
        "med": 0,
        "max": 13.7935,
        "p(90)": 0
      }
    },
    "data_sent": {
      "contains": "data",
      "values": {
        "count": 2541289,
        "rate": 5514.771541289779
      },
      "type": "counter"
    },
    "http_req_duration{scenario:list_reads}": {
      "type": "trend",
      "contains": "time",
      "values": {
        "max": 290.1171,
        "p(90)": 46.99628000000001,
        "p(95)": 59.48772,
        "avg": 24.52038061325414,
        "min": 3.8766,
        "med": 18.6048
      },
      "thresholds": {
        "p(95)<500": {
          "ok": true
        }
      }
    },
    "http_req_duration{scenario:writes}": {
      "type": "trend",
      "contains": "time",
      "values": {
        "min": 3.105,
        "med": 12.720949999999998,
        "max": 196.9319,
        "p(90)": 27.51829,
        "p(95)": 36.11122999999999,
        "avg": 16.367687711864374
      },
      "thresholds": {
        "p(95)<1000": {
          "ok": true
        }
      }
    },
    "http_req_duration{scenario:light_reads}": {
      "contains": "time",
      "values": {
        "avg": 12.349298829039821,
        "min": 0,
        "med": 10.5582,
        "max": 107.4177,
        "p(90)": 21.168060000000004,
        "p(95)": 26.965859999999996
      },
      "thresholds": {
        "p(95)<200": {
          "ok": true
        }
      },
      "type": "trend"
    },
    "http_req_duration": {
      "type": "trend",
      "contains": "time",
      "values": {
        "max": 354.968,
        "p(90)": 33.51081000000001,
        "p(95)": 47.11212499999999,
        "avg": 18.46087769287563,
        "min": 0,
        "med": 13.5197
      }
    },
    "http_req_tls_handshaking": {
      "type": "trend",
      "contains": "time",
      "values": {
        "p(95)": 0,
        "avg": 0,
        "min": 0,
        "med": 0,
        "max": 0,
        "p(90)": 0
      }
    },
    "http_req_receiving": {
      "type": "trend",
      "contains": "time",
      "values": {
        "p(95)": 0.9912949999999979,
        "avg": 0.21226807678109974,
        "min": 0,
        "med": 0,
        "max": 32.4245,
        "p(90)": 0.6266200000000005
      }
    },
    "http_req_duration{scenario:search_filter}": {
      "values": {
        "p(90)": 42.62425,
        "p(95)": 63.480900000000005,
        "avg": 23.056058482142873,
        "min": 3.7958,
        "med": 16.21325,
        "max": 354.968
      },
      "thresholds": {
        "p(95)<500": {
          "ok": true
        }
      },
      "type": "trend",
      "contains": "time"
    },
    "data_received": {
      "type": "counter",
      "contains": "data",
      "values": {
        "count": 94411934,
        "rate": 204880.37636857864
      }
    },
    "http_req_sending": {
      "type": "trend",
      "contains": "time",
      "values": {
        "avg": 0.022417246216315998,
        "min": 0,
        "med": 0,
        "max": 3.0865,
        "p(90)": 0,
        "p(95)": 0
      }
    },
    "vus": {
      "type": "gauge",
      "contains": "default",
      "values": {
        "value": 20,
        "min": 0,
        "max": 20
      }
    },
    "vus_max": {
      "type": "gauge",
      "contains": "default",
      "values": {
        "min": 20,
        "max": 20,
        "value": 20
      }
    },
    "http_req_blocked": {
      "type": "trend",
      "contains": "time",
      "values": {
        "avg": 0.022468722775932093,
        "min": 0,
        "med": 0,
        "max": 13.7935,
        "p(90)": 0,
        "p(95)": 0
      }
    },
    "checks": {
      "type": "rate",
      "contains": "default",
      "values": {
        "rate": 1,
        "passes": 27089,
        "fails": 0
      },
      "thresholds": {
        "rate>0.95": {
          "ok": true
        }
      }
    },
    "http_req_waiting": {
      "contains": "time",
      "values": {
        "p(95)": 46.50678999999998,
        "avg": 18.22619236987825,
        "min": 0,
        "med": 13.331399999999999,
        "max": 354.968,
        "p(90)": 33.032250000000005
      },
      "type": "trend"
    },
    "http_reqs": {
      "contains": "default",
      "values": {
        "count": 27090,
        "rate": 58.78715921468991
      },
      "type": "counter"
    },
    "http_req_duration{expected_response:true}": {
      "type": "trend",
      "contains": "time",
      "values": {
        "avg": 18.46087769287563,
        "min": 0,
        "med": 13.5197,
        "max": 354.968,
        "p(90)": 33.51081000000001,
        "p(95)": 47.11212499999999
      }
    },
    "iteration_duration": {
      "type": "trend",
      "contains": "time",
      "values": {
        "min": 317.3747,
        "med": 709.9785,
        "max": 1448.4757,
        "p(90)": 989.91878,
        "p(95)": 1026.3532199999997,
        "avg": 710.1395234222543
      }
    },
    "http_req_duration{scenario:heavy_aggregations}": {
      "contains": "time",
      "values": {
        "min": 4.7886,
        "med": 13.0779,
        "max": 136.3008,
        "p(90)": 26.66435,
        "p(95)": 35.195925,
        "avg": 16.27249891598916
      },
      "thresholds": {
        "p(95)<1500": {
          "ok": true
        }
      },
      "type": "trend"
    },
    "iterations": {
      "type": "counter",
      "contains": "default",
      "values": {
        "count": 8509,
        "rate": 18.465113981461663
      }
    },
    "http_req_failed": {
      "type": "rate",
      "contains": "default",
      "values": {
        "rate": 0,
        "passes": 0,
        "fails": 27090
      },
      "thresholds": {
        "rate<0.05": {
          "ok": true
        }
      }
    }
  },
  "root_group": {
    "name": "",
    "path": "",
    "id": "d41d8cd98f00b204e9800998ecf8427e",
    "groups": [],
    "checks": [
        {
          "fails": 0,
          "name": "health 200",
          "path": "::health 200",
          "id": "8e4f90a842a57472549a6b2cf699032d",
          "passes": 1708
        },
        {
          "path": "::user 200",
          "id": "9400e30b34b5bd5a61348b7a461d6b31",
          "passes": 1708,
          "fails": 0,
          "name": "user 200"
        },
        {
          "fails": 0,
          "name": "event 200",
          "path": "::event 200",
          "id": "2960fe5baba029eb3c571090547b734b",
          "passes": 1708
        },
        {
          "fails": 0,
          "name": "booking 200 or 404",
          "path": "::booking 200 or 404",
          "id": "3de3597a14649ec5c940431f5c6a8580",
          "passes": 1708
        },
        {
          "id": "84d5e52ac2e418f4db0f079fd031156d",
          "passes": 1685,
          "fails": 0,
          "name": "users 200",
          "path": "::users 200"
        },
        {
          "name": "events 200",
          "path": "::events 200",
          "id": "76bdd0589e3db2f73358e667a40fa019",
          "passes": 1685,
          "fails": 0
        },
        {
          "name": "bookings 200",
          "path": "::bookings 200",
          "id": "ffc52e51a9d864d239ca3c687df1b540",
          "passes": 1685,
          "fails": 0
        },
        {
          "name": "search 200",
          "path": "::search 200",
          "id": "f1430541508c538fdf29bbd85cfe5de5",
          "passes": 1624,
          "fails": 0
        },
        {
          "fails": 0,
          "name": "upcoming 200",
          "path": "::upcoming 200",
          "id": "d448944abdade87acbb9b1020aaca3a0",
          "passes": 1624
        },
        {
          "name": "user bookings 200",
          "path": "::user bookings 200",
          "id": "d138d28d4b557a6c271401334ad37d85",
          "passes": 1624,
          "fails": 0
        },
        {
          "fails": 0,