{
  "metrics": {
    "vus": {
      "values": {
        "value": 20,
        "min": 0,
        "max": 20
      },
      "type": "gauge",
      "contains": "default"
    },
    "http_req_duration": {
      "type": "trend",
      "contains": "time",
      "values": {
        "p(95)": 133.21283999999997,
        "avg": 49.17405191035908,
        "min": 2.3976,
        "med": 37.9077,
        "max": 320.823,
        "p(90)": 101.12226
      }
    },
    "http_req_duration{scenario:light_reads}": {
      "contains": "time",
      "values": {
        "avg": 40.412363859890064,
        "min": 2.3976,
        "med": 32.40365,
        "max": 315.1711,
        "p(90)": 76.91089000000001,
        "p(95)": 99.72237499999999
      },
      "thresholds": {
        "p(95)<200": {
          "ok": true
        }
      },
      "type": "trend"
    },
    "http_req_waiting": {
      "contains": "time",
      "values": {
        "p(90)": 100.39127999999998,
        "p(95)": 132.24196999999998,
        "avg": 48.723071281225685,
        "min": 2.3976,
        "med": 37.5489,
        "max": 320.823
      },
      "type": "trend"
    },
    "vus_max": {
      "type": "gauge",
      "contains": "default",
      "values": {
        "value": 40,
        "min": 40,
        "max": 40
      }
    },
    "http_req_duration{scenario:heavy_aggregations}": {
      "type": "trend",
      "contains": "time",
      "values": {
        "avg": 35.188589123867125,
        "min": 4.8072,
        "med": 30.046750000000003,
        "max": 187.1123,
        "p(90)": 64.92525,
        "p(95)": 77.94156
      },
      "thresholds": {
        "p(95)<1500": {
          "ok": true
        }
      }
    },
    "http_req_duration{scenario:search_filter}": {
      "type": "trend",
      "contains": "time",
      "values": {
        "avg": 39.85536629427782,
        "min": 3.032,
        "med": 36.695,
        "max": 171.7318,
        "p(90)": 73.19231000000002,
        "p(95)": 84.21440999999994
      },
      "thresholds": {
        "p(95)<500": {
          "ok": true
        }
      }
    },
    "data_sent": {
      "contains": "data",
      "values": {
        "count": 2751958,
        "rate": 8082.911791815556
      },
      "type": "counter"
    },
    "http_req_duration{scenario:writes}": {
      "type": "trend",
      "contains": "time",
      "values": {
        "avg": 47.8936080733035,
        "min": 3.1354,
        "med": 39.32245,
        "max": 208.3672,
        "p(90)": 93.36843999999999,
        "p(95)": 109.837605
      },
      "thresholds": {
        "p(95)<1000": {
          "ok": true
        }
      }
    },
    "http_req_receiving": {
      "type": "trend",
      "contains": "time",
      "values": {
        "avg": 0.42288437789123723,
        "min": 0,
        "med": 0,
        "max": 54.271,
        "p(90)": 1.1345,
        "p(95)": 1.8541799999999997
      }
    },
    "http_req_blocked": {
      "type": "trend",
      "contains": "time",
      "values": {
        "avg": 0.01715724223006544,
        "min": 0,
        "med": 0,
        "max": 8.3865,
        "p(90)": 0,
        "p(95)": 0
      }
    },
    "http_req_duration{expected_response:true}": {
      "type": "trend",
      "contains": "time",
      "values": {
        "avg": 49.17405191035908,
        "min": 2.3976,
        "med": 37.9077,
        "max": 320.823,
        "p(90)": 101.12226,
        "p(95)": 133.21283999999997
      }
    },
    "checks": {
      "type": "rate",
      "contains": "default",
      "values": {
        "fails": 0,
        "rate": 1,
        "passes": 29182
      }
    },
    "http_reqs": {
      "contains": "default",
      "values": {
        "count": 29183,
        "rate": 85.71483097509241
      },
      "type": "counter"
    },
    "http_req_sending": {
      "type": "trend",
      "contains": "time",
      "values": {
        "min": 0,
        "med": 0,
        "max": 23.3405,
        "p(90)": 0,
        "p(95)": 0,
        "avg": 0.028096251242161537
      }
    },
    "iteration_duration": {
      "type": "trend",
      "contains": "time",
      "values": {
        "min": 512.8676,
        "med": 629.23555,
        "max": 1128.3012,
        "p(90)": 827.7778999999999,
        "p(95)": 871.173045,
        "avg": 657.619272043128
      }
    },
    "iterations": {
      "values": {
        "count": 9182,
        "rate": 26.968905801778384
      },
      "type": "counter",
      "contains": "default"
    },
    "data_received": {
      "type": "counter",
      "contains": "data",
      "values": {
        "count": 91882785,
        "rate": 269873.46694293787
      }
    },
    "http_req_failed": {
      "type": "rate",
      "contains": "default",
      "values": {
        "rate": 0,
        "passes": 0,
        "fails": 29183
      },
      "thresholds": {
        "rate<0.05": {
          "ok": true
        }
      }
    },
    "http_req_duration{scenario:list_reads}": {
      "thresholds": {
        "p(95)<500": {
          "ok": true
        }
      },
      "type": "trend",
      "contains": "time",
      "values": {
        "avg": 97.51403900569409,
        "min": 4.9092,
        "med": 94.951,
        "max": 320.823,
        "p(90)": 176.94335,
        "p(95)": 196.44119999999998
      }
    },
    "http_req_connecting": {
      "type": "trend",
      "contains": "time",
      "values": {
        "p(90)": 0,
        "p(95)": 0,
        "avg": 0.009996597334064357,
        "min": 0,
        "med": 0,
        "max": 7.8259
      }
    },
    "http_req_tls_handshaking": {
      "type": "trend",
      "contains": "time",
      "values": {
        "med": 0,
        "max": 0,
        "p(90)": 0,
        "p(95)": 0,
        "avg": 0,
        "min": 0
      }
    }
  },
  "root_group": {
    "name": "",
    "path": "",
    "id": "d41d8cd98f00b204e9800998ecf8427e",
    "groups": [],
    "checks": [
        {
          "passes": 1820,
          "fails": 0,
          "name": "health 200",
          "path": "::health 200",
          "id": "8e4f90a842a57472549a6b2cf699032d"
        },
        {
          "path": "::user 200",
          "id": "9400e30b34b5bd5a61348b7a461d6b31",
          "passes": 1820,
          "fails": 0,
          "name": "user 200"
        },
        {
          "id": "2960fe5baba029eb3c571090547b734b",
          "passes": 1820,
          "fails": 0,
          "name": "event 200",
          "path": "::event 200"
        },
        {
          "name": "booking 200 or 404",
          "path": "::booking 200 or 404",
          "id": "3de3597a14649ec5c940431f5c6a8580",
          "passes": 1820,
          "fails": 0
        },
        {
          "name": "users 200",
          "path": "::users 200",
          "id": "84d5e52ac2e418f4db0f079fd031156d",
          "passes": 1522,
          "fails": 0
        },
        {
          "name": "events 200",
          "path": "::events 200",
          "id": "76bdd0589e3db2f73358e667a40fa019",
          "passes": 1522,
          "fails": 0
        },
        {
          "passes": 1522,
          "fails": 0,
          "name": "bookings 200",
          "path": "::bookings 200",
          "id": "ffc52e51a9d864d239ca3c687df1b540"
        },
        {
          "name": "search 200",
          "path": "::search 200",
          "id": "f1430541508c538fdf29bbd85cfe5de5",
          "passes": 1835,
          "fails": 0
        },
        {
          "passes": 1835,
          "fails": 0,
          "name": "upcoming 200",
          "path": "::upcoming 200",
          "id": "d448944abdade87acbb9b1020aaca3a0"
        },
        {
          "name": "user bookings 200",
          "path": "::user bookings 200",
          "id": "d138d28d4b557a6c271401334ad37d85",
          "passes": 1835,
          "fails": 0
        },
        {
          "path": "::event bookings 200",
          "id": "03d5e7f414b959f50e80ced065f3e692",
          "passes": 1835,
          "fails": 0,
          "name": "event bookings 200"
        },
        {
          "fails": 0,