{
  "options": {
    "summaryTimeUnit": "",
    "noColor": false,
    "summaryTrendStats": [
      "avg",
      "min",
      "med",
      "max",
      "p(90)",
      "p(95)"
    ]
  },
  "state": {
    "isStdOutTTY": true,
    "isStdErrTTY": true,
    "testRunDurationMs": 756706.2326
  },
  "metrics": {
    "http_req_duration{scenario:writes}": {
      "type": "trend",
      "contains": "time",
      "values": {
        "avg": 39.178825334706495,
        "min": 5.5863,
        "med": 27.747,
        "max": 357.7042,
        "p(90)": 62.8707,
        "p(95)": 89.6932
      },
      "thresholds": {
        "p(95)<1000": {
          "ok": true
        }
      }
    },
    "http_req_waiting": {
      "type": "trend",
      "contains": "time",
      "values": {
        "avg": 84.18709269185865,
        "min": 2.7881,
        "med": 18.2144,
        "max": 60333.787,
        "p(90)": 53.308550000000054,
        "p(95)": 74.12474000000005
      }
    },
    "http_req_receiving": {
      "type": "trend",
      "contains": "time",
      "values": {
        "avg": 0.3520277518310179,
        "min": 0,
        "med": 0,
        "max": 49.0019,
        "p(90)": 0.807,
        "p(95)": 1.4504700000000004
      }
    },
    "http_req_duration{scenario:heavy_aggregations}": {
      "type": "trend",
      "contains": "time",
      "values": {
        "p(95)": 60231.016525,
        "avg": 18393.54105757576,
        "min": 40.6208,
        "med": 397.8928,
        "max": 60333.787,
        "p(90)": 60159.1964
      },
      "thresholds": {
        "p(95)<1500": {
          "ok": false
        }
      }
    },
    "data_sent": {
      "type": "counter",
      "contains": "data",
      "values": {
        "rate": 2268.5672802003032,
        "count": 1716639
      }
    },
    "iteration_duration": {
      "type": "trend",
      "contains": "time",
      "values": {
        "avg": 1414.6583220908383,
        "min": 340.8249,
        "med": 748.9953,
        "max": 466727.4865,
        "p(90)": 1032.36829,
        "p(95)": 1072.165985
      }
    },
    "http_req_duration{scenario:light_reads}": {
      "type": "trend",
      "contains": "time",
      "values": {
        "p(90)": 32.232200000000006,
        "p(95)": 42.20835,
        "avg": 18.95542766828378,
        "min": 2.7881,
        "med": 15.39715,
        "max": 152.0539
      },
      "thresholds": {
        "p(95)<200": {
          "ok": true
        }
      }
    },
    "http_req_tls_handshaking": {
      "type": "trend",
      "contains": "time",
      "values": {
        "p(95)": 0,
        "avg": 0,
        "min": 0,
        "med": 0,
        "max": 0,
        "p(90)": 0
      }
    },
    "http_reqs": {
      "values": {
        "count": 18842,
        "rate": 24.900019569364385
      },
      "type": "counter",
      "contains": "default"
    },
    "http_req_duration{expected_response:true}": {
      "type": "trend",
      "contains": "time",
      "values": {
        "p(95)": 74.37662999999984,
        "avg": 33.461025281555436,
        "min": 2.7881,
        "med": 18.5165,
        "max": 59915.9158,
        "p(90)": 53.77877000000001
      }
    },
    "vus": {
      "type": "gauge",
      "contains": "default",
      "values": {
        "value": 7,
        "min": 0,
        "max": 20
      }
    },
    "http_req_sending": {
      "type": "trend",
      "contains": "time",
      "values": {
        "avg": 6.366828553232141,
        "min": 0,
        "med": 0,
        "max": 59837.6751,
        "p(90)": 0,
        "p(95)": 0
      }
    },
    "vus_max": {
      "type": "gauge",
      "contains": "default",
      "values": {
        "value": 40,
        "min": 40,
        "max": 40
      }
    },
    "http_req_failed": {
      "contains": "default",
      "values": {
        "rate": 0.0009553125995117292,
        "passes": 18,
        "fails": 18824
      },
      "thresholds": {
        "rate<0.05": {
          "ok": true
        }
      },
      "type": "rate"
    },
    "http_req_duration{scenario:search_filter}": {
      "values": {
        "avg": 19.416817909090984,
        "min": 4.4683,
        "med": 15.6952,
        "max": 163.0644,
        "p(90)": 33.328640000000014,
        "p(95)": 42.729729999999996
      },
      "thresholds": {
        "p(95)<500": {
          "ok": true
        }
      },
      "type": "trend",
      "contains": "time"
    },
    "checks": {
      "contains": "default",
      "values": {
        "rate": 0.999044636696566,
        "passes": 18823,
        "fails": 18
      },
      "thresholds": {
        "rate>0.95": {
          "ok": true
        }
      },
      "type": "rate"
    },
    "http_req_blocked": {
      "type": "trend",
      "contains": "time",
      "values": {
        "p(95)": 0,
        "avg": 0.3432046757244454,
        "min": 0,
        "med": 0,
        "max": 313.1202,
        "p(90)": 0
      }
    },
    "http_req_duration": {
      "type": "trend",
      "contains": "time",
      "values": {
        "avg": 90.90594899692175,
        "min": 2.7881,
        "med": 18.544150000000002,
        "max": 60333.787,
        "p(90)": 53.99882000000001,
        "p(95)": 75.03317000000001
      }
    },
    "http_req_connecting": {
      "contains": "time",
      "values": {
        "min": 0,
        "med": 0,
        "max": 73.6766,
        "p(90)": 0,
        "p(95)": 0,
        "avg": 0.056425437851608105
      },
      "type": "trend"
    },
    "data_received": {
      "type": "counter",
      "contains": "data",
      "values": {
        "count": 84306138,
        "rate": 111411.97781644913
      }
    },
    "http_req_duration{scenario:list_reads}": {
      "values": {
        "med": 35.5463,
        "max": 329.7445,
        "p(90)": 86.41378,
        "p(95)": 107.32953499999999,
        "avg": 45.06241050347216,
        "min": 7.1323
      },
      "thresholds": {
        "p(95)<500": {
          "ok": true
        }
      },
      "type": "trend",
      "contains": "time"
    },
    "iterations": {
      "type": "counter",
      "contains": "default",
      "values": {
        "count": 5328,
        "rate": 7.041041517119916
      }
    }
  },
  "root_group": {
    "groups": [],
    "checks": [
        {
          "fails": 0,
          "name": "health 200",
          "path": "::health 200",
          "id": "8e4f90a842a57472549a6b2cf699032d",
          "passes": 1649
        },
        {
          "path": "::user 200",
          "id": "9400e30b34b5bd5a61348b7a461d6b31",
          "passes": 1649,
          "fails": 0,
          "name": "user 200"
        },
        {
          "name": "event 200",
          "path": "::event 200",
          "id": "2960fe5baba029eb3c571090547b734b",
          "passes": 1649,
          "fails": 0
        },
        {
          "name": "booking 200 or 404",
          "path": "::booking 200 or 404",
          "id": "3de3597a14649ec5c940431f5c6a8580",
          "passes": 1649,
          "fails": 0
        },
        {
          "name": "users 200",
          "path": "::users 200",
          "id": "84d5e52ac2e418f4db0f079fd031156d",
          "passes": 1536,
          "fails": 0
        },
        {
          "id": "76bdd0589e3db2f73358e667a40fa019",
          "passes": 1536,
          "fails": 0,
          "name": "events 200",
          "path": "::events 200"
        },
        {
          "id": "ffc52e51a9d864d239ca3c687df1b540",
          "passes": 1536,
          "fails": 0,
          "name": "bookings 200",
          "path": "::bookings 200"
        },
        {
          "fails": 0,
          "name": "search 200",
          "path": "::search 200",
          "id": "f1430541508c538fdf29bbd85cfe5de5",
          "passes": 1650
        },
        {
          "passes": 1650,
          "fails": 0,
          "name": "upcoming 200",
          "path": "::upcoming 200",
          "id": "d448944abdade87acbb9b1020aaca3a0"
        },
        {
          "name": "user bookings 200",
          "path": "::user bookings 200",