{
  "state": {
    "isStdOutTTY": true,
    "isStdErrTTY": true,
    "testRunDurationMs": 234006.8765
  },
  "metrics": {
    "iteration_duration": {
      "type": "trend",
      "contains": "time",
      "values": {
        "max": 60591.8463,
        "p(90)": 30902.0433,
        "p(95)": 60503.7742,
        "avg": 6508.650271359055,
        "min": 505.9566,
        "med": 530.1298
      }
    },
    "booking_fail": {
      "type": "counter",
      "contains": "default",
      "values": {
        "count": 28,
        "rate": 0.11965460339794758
      }
    },
    "http_req_blocked": {
      "type": "trend",
      "contains": "time",
      "values": {
        "med": 0,
        "max": 14.6948,
        "p(90)": 0.9973799999999995,
        "p(95)": 1.6816799999999987,
        "avg": 0.20234006932409015,
        "min": 0
      }
    },
    "http_req_waiting": {
      "type": "trend",
      "contains": "time",
      "values": {
        "p(90)": 30415.33746,
        "p(95)": 60000.7608,
        "avg": 6135.569916568457,
        "min": 2.4212,
        "med": 28.6828,
        "max": 60015.4138
      }
    },
    "http_req_duration{expected_response:true}": {
      "values": {
        "min": 3.0868,
        "med": 24.7007,
        "max": 30999.7306,
        "p(90)": 381.935,
        "p(95)": 508.14075999999994,
        "avg": 402.1979902270105
      },
      "type": "trend",
      "contains": "time"
    },
    "vus": {
      "type": "gauge",
      "contains": "default",
      "values": {
        "value": 1,
        "min": 1,
        "max": 300
      }
    },
    "vus_max": {
      "type": "gauge",
      "contains": "default",
      "values": {
        "value": 300,
        "min": 300,
        "max": 300
      }
    },
    "http_req_connecting": {
      "contains": "time",
      "values": {
        "avg": 0.18467400346620455,
        "min": 0,
        "med": 0,
        "max": 14.4368,
        "p(90)": 0.6774599999999975,
        "p(95)": 1.5444799999999994
      },
      "type": "trend"
    },
    "http_req_receiving": {
      "type": "trend",
      "contains": "time",
      "values": {
        "min": 0,
        "med": 0,
        "max": 13.2563,
        "p(90)": 1.02772,
        "p(95)": 1.667159999999999,
        "avg": 0.39951975736568457
      }
    },
    "http_req_tls_handshaking": {
      "type": "trend",
      "contains": "time",
      "values": {
        "avg": 0,
        "min": 0,
        "med": 0,
        "max": 0,
        "p(90)": 0,
        "p(95)": 0
      }
    },
    "http_req_sending": {
      "type": "trend",
      "contains": "time",
      "values": {
        "max": 5.5143,
        "p(90)": 0,
        "p(95)": 0,
        "avg": 0.03257227036395149,
        "min": 0,
        "med": 0
      }
    },
    "iterations": {
      "type": "counter",
      "contains": "default",
      "values": {
        "count": 2877,
        "rate": 12.294510499139113
      }
    },
    "data_received": {
      "type": "counter",
      "contains": "data",
      "values": {
        "count": 4929358,
        "rate": 21065.013446303576
      }
    },
    "http_req_failed": {
      "type": "rate",
      "contains": "default",
      "values": {
        "rate": 0.09913344887348353,
        "passes": 286,
        "fails": 2599
      },
      "thresholds": {
        "rate<0.15": {
          "ok": true
        }
      }
    },
    "http_req_duration": {
      "type": "trend",
      "contains": "time",
      "values": {
        "min": 3.0868,
        "med": 28.99,
        "max": 60015.4138,
        "p(90)": 30415.33746,
        "p(95)": 60000.79604,
        "avg": 6136.002008596187
      },
      "thresholds": {
        "p(95)<2000": {
          "ok": false
        }
      }
    },
    "http_reqs": {
      "type": "counter",
      "contains": "default",
      "values": {
        "count": 2885,
        "rate": 12.328697528681385
      }
    },
    "data_sent": {
      "type": "counter",
      "contains": "data",
      "values": {
        "count": 288640,
        "rate": 1233.468025885128
      }
    },
    "checks": {
      "type": "rate",
      "contains": "default",
      "values": {
        "fails": 286,
        "rate": 0.9008321775312067,
        "passes": 2598
      }
    },
    "booking_success": {
      "contains": "default",
      "values": {
        "rate": 1.4102149686186678,
        "count": 330
      },
      "type": "counter"
    }
  },
  "root_group": {
    "name": "",
    "path": "",
    "id": "d41d8cd98f00b204e9800998ecf8427e",
    "groups": [],
    "checks": [
        {
          "name": "event 200",
          "path": "::event 200",
          "id": "2960fe5baba029eb3c571090547b734b",
          "passes": 353,
          "fails": 43
        },
        {
          "name": "booking created or sold out",
          "path": "::booking created or sold out",
          "id": "bf359307c180d22e5df589341b721fec",
          "passes": 330,
          "fails": 28
        },
        {
          "path": "::upcoming 200",
          "id": "d448944abdade87acbb9b1020aaca3a0",
          "passes": 221,
          "fails": 23,
          "name": "upcoming 200"
        },
        {
          "name": "events 200",
          "path": "::events 200",
          "id": "76bdd0589e3db2f73358e667a40fa019",
          "passes": 692,
          "fails": 64
        },
        {
          "name": "global stats 200",
          "path": "::global stats 200",
          "id": "8df6c26c7baf16f2eda0e9f36fe10c56",
          "passes": 49,
          "fails": 3
        },
        {
          "id": "84d5e52ac2e418f4db0f079fd031156d",
          "passes": 260,
          "fails": 32,
          "name": "users 200",
          "path": "::users 200"
        },
        {
          "name": "user bookings 200",
          "path": "::user bookings 200",
          "id": "d138d28d4b557a6c271401334ad37d85",
          "passes": 125,
          "fails": 16
        },
        {
          "name": "cancel ok or expected error",
          "path": "::cancel ok or expected error",
          "id": "68239d22f504e342322cb3695e7d7384",
          "passes": 135,
          "fails": 18
        },
        {
          "name": "event stats 200",
          "path": "::event stats 200",
          "id": "06b3adebb137567e6af63398399df64e",
          "passes": 142,
          "fails": 15
        },
        {
          "id": "e3db986badefe37c772aec7fae42d619",
          "passes": 69,
          "fails": 11,
          "name": "popular 200",
          "path": "::popular 200"
        },
        {
          "name": "search 200",
          "path": "::search 200",
          "id": "f1430541508c538fdf29bbd85cfe5de5",
          "passes": 222,
          "fails": 33
        }
      ]
  },
  "options": {
    "summaryTrendStats": [
      "avg",
      "min",
      "med",
      "max",
      "p(90)",
      "p(95)"
    ],
    "summaryTimeUnit": "",
    "noColor": false
  }
}