{
  "state": {
    "isStdOutTTY": true,
    "isStdErrTTY": true,
    "testRunDurationMs": 31592.6633
  },
  "metrics": {
    "http_reqs": {
      "values": {
        "count": 2213,
        "rate": 70.04790887636244
      },
      "type": "counter",
      "contains": "default"
    },
    "vus_max": {
      "type": "gauge",
      "contains": "default",
      "values": {
        "value": 10,
        "min": 10,
        "max": 10
      }
    },
    "iteration_duration": {
      "values": {
        "avg": 1974.0377088607604,
        "min": 1193.4474,
        "med": 1919.6832,
        "max": 2841.6264,
        "p(90)": 2582.68642,
        "p(95)": 2625.018485
      },
      "type": "trend",
      "contains": "time"
    },
    "http_req_receiving": {
      "type": "trend",
      "contains": "time",
      "values": {
        "p(95)": 46.29866,
        "avg": 39.613565295978304,
        "min": 0,
        "med": 42.3957,
        "max": 61.6075,
        "p(90)": 44.6841
      }
    },
    "http_req_duration": {
      "type": "trend",
      "contains": "time",
      "values": {
        "avg": 53.347525982828685,
        "min": 1.5667,
        "med": 53.9161,
        "max": 119.0375,
        "p(90)": 67.84498,
        "p(95)": 73.2807800000001
      },
      "thresholds": {
        "p(95)<300": {
          "ok": true
        }
      }
    },
    "http_req_waiting": {
      "type": "trend",
      "contains": "time",
      "values": {
        "med": 11.1035,
        "max": 78.468,
        "p(90)": 25.278559999999995,
        "p(95)": 32.37848,
        "avg": 13.705702123813843,
        "min": 1.5667
      }
    },
    "data_sent": {
      "values": {
        "count": 192302,
        "rate": 6086.919553882625
      },
      "type": "counter",
      "contains": "data"
    },
    "http_req_duration{expected_response:true}": {
      "type": "trend",
      "contains": "time",
      "values": {
        "med": 53.9161,
        "max": 119.0375,
        "p(90)": 67.84498,
        "p(95)": 73.2807800000001,
        "avg": 53.347525982828685,
        "min": 1.5667
      }
    },
    "data_received": {
      "type": "counter",
      "contains": "data",
      "values": {
        "count": 1228002,
        "rate": 38869.84735471795
      }
    },
    "http_req_sending": {
      "type": "trend",
      "contains": "time",
      "values": {
        "avg": 0.02825856303660191,
        "min": 0,
        "med": 0,
        "max": 1.4656,
        "p(90)": 0,
        "p(95)": 0
      }
    },
    "http_req_connecting": {
      "type": "trend",
      "contains": "time",
      "values": {
        "avg": 0.00450307275192047,
        "min": 0,
        "med": 0,
        "max": 1.705,
        "p(90)": 0,
        "p(95)": 0
      }
    },
    "http_req_blocked": {
      "type": "trend",
      "contains": "time",
      "values": {
        "avg": 0.013499683687302304,
        "min": 0,
        "med": 0,
        "max": 1.705,
        "p(90)": 0,
        "p(95)": 0
      }
    },
    "http_req_tls_handshaking": {
      "type": "trend",
      "contains": "time",
      "values": {
        "min": 0,
        "med": 0,
        "max": 0,
        "p(90)": 0,
        "p(95)": 0,
        "avg": 0
      }
    },
    "vus": {
      "type": "gauge",
      "contains": "default",
      "values": {
        "min": 7,
        "max": 10,
        "value": 7
      }
    },
    "http_req_failed": {
      "type": "rate",
      "contains": "default",
      "values": {
        "rate": 0,
        "passes": 0,
        "fails": 2213
      },
      "thresholds": {
        "rate<0.01": {
          "ok": true
        }
      }
    },
    "checks": {
      "thresholds": {
        "rate>0.99": {
          "ok": true
        }
      },
      "type": "rate",
      "contains": "default",
      "values": {
        "fails": 0,
        "rate": 1,
        "passes": 3002
      }
    },
    "iterations": {
      "values": {
        "count": 158,
        "rate": 5.001161139839704
      },
      "type": "counter",
      "contains": "default"
    }
  },
  "root_group": {
    "name": "",
    "path": "",
    "id": "d41d8cd98f00b204e9800998ecf8427e",
    "groups": [],
    "checks": [
        {
          "name": "health status 200",
          "path": "::health status 200",
          "id": "54cc6b20b1977b24d2246b3d411f7567",
          "passes": 158,
          "fails": 0
        },
        {
          "fails": 0,
          "name": "health body ok",
          "path": "::health body ok",
          "id": "a3a86893b881c8ced0f29652e664e0be",
          "passes": 158
        },
        {
          "fails": 0,
          "name": "users status 200",
          "path": "::users status 200",
          "id": "69dba856e21c068d3d0c05ccd2447533",
          "passes": 158
        },
        {
          "fails": 0,
          "name": "users is array",
          "path": "::users is array",
          "id": "6d6e1486fe67efddf35a0a05a7fb037d",
          "passes": 158
        },
        {
          "name": "user status 200",
          "path": "::user status 200",
          "id": "aac8d1d6e0b8ab785969e3919333cda0",
          "passes": 158,
          "fails": 0
        },
        {
          "passes": 158,
          "fails": 0,
          "name": "user bookings status 200",
          "path": "::user bookings status 200",
          "id": "8e7eb769dede5ccc7cbf422f0f821ab7"
        },
        {
          "id": "c9504a49201db4670124d27003d376dd",
          "passes": 158,
          "fails": 0,
          "name": "events status 200",
          "path": "::events status 200"
        },
        {
          "passes": 158,
          "fails": 0,
          "name": "events is array",
          "path": "::events is array",
          "id": "65b5d27eb5934adff178509725fab511"
        },
        {
          "fails": 0,
          "name": "event status 200",
          "path": "::event status 200",
          "id": "530b2ec1c345bbff15058ebbd366373e",
          "passes": 158
        },
        {
          "name": "upcoming status 200",
          "path": "::upcoming status 200",
          "id": "496584dcf3420437125fb51140534385",
          "passes": 158,
          "fails": 0
        },
        {
          "passes": 158,
          "fails": 0,
          "name": "search status 200",
          "path": "::search status 200",
          "id": "644a0e6ab046e4cf31ebf297a7476450"
        },
        {
          "path": "::popular status 200",
          "id": "3b2439611124ec0542b149e537c431bd",
          "passes": 158,
          "fails": 0,
          "name": "popular status 200"
        },
        {
          "path": "::event stats status 200",
          "id": "51f01f379f77535c494ccd9270ebd783",
          "passes": 158,
          "fails": 0,
          "name": "event stats status 200"
        },
        {
          "name": "event bookings status 200",
          "path": "::event bookings status 200",
          "id": "60e60d1a7be3d50e50fb444fda5c0aae",
          "passes": 158,
          "fails": 0
        },
        {
          "name": "bookings status 200",
          "path": "::bookings status 200",
          "id": "a6ce9ed54730df2271aeb23cda45e90b",
          "passes": 158,
          "fails": 0
        },
        {
          "name": "bookings is array",
          "path": "::bookings is array",
          "id": "247ec2819281dae493d34166ba14c669",
          "passes": 158,
          "fails": 0
        },
        {
          "passes": 158,
          "fails": 0,
          "name": "booking status 200 or 404",
          "path": "::booking status 200 or 404",
          "id": "b9005c19b025464fc8a76819878a26e8"
        },
        {
          "name": "global stats status 200",
          "path": "::global stats status 200",
          "id": "ceb5a273033e23e8747da1ca8dbb49c3",
          "passes": 158,
          "fails": 0
        },
        {
          "passes": 158,
          "fails": 0,
          "name": "global stats has fields",
          "path": "::global stats has fields",