{
  "metrics": {
    "iterations": {
      "type": "counter",
      "contains": "default",
      "values": {
        "count": 8319,
        "rate": 68.66561355455745
      }
    },
    "vus": {
      "values": {
        "value": 4,
        "min": 4,
        "max": 50
      },
      "type": "gauge",
      "contains": "default"
    },
    "vus_max": {
      "contains": "default",
      "values": {
        "min": 50,
        "max": 50,
        "value": 50
      },
      "type": "gauge"
    },
    "contention_booking_latency": {
      "thresholds": {
        "p(95)<3000": {
          "ok": true
        }
      },
      "type": "trend",
      "contains": "default",
      "values": {
        "p(95)": 29.02164999999999,
        "avg": 16.12397680009618,
        "min": 4.3835,
        "med": 11.6575,
        "max": 576.3956,
        "p(90)": 23.139039999999998
      }
    },
    "http_req_sending": {
      "values": {
        "p(90)": 0,
        "p(95)": 0,
        "avg": 0.02964634615384615,
        "min": 0,
        "med": 0,
        "max": 5.233
      },
      "type": "trend",
      "contains": "time"
    },
    "http_req_receiving": {
      "type": "trend",
      "contains": "time",
      "values": {
        "avg": 21.49269053485577,
        "min": 0,
        "med": 3.1087,
        "max": 79.6958,
        "p(90)": 44.06931,
        "p(95)": 45.112615
      }
    },
    "contention_booking_sold_out": {
      "type": "counter",
      "contains": "default",
      "values": {
        "count": 8036,
        "rate": 66.32971156682578
      }
    },
    "http_req_waiting": {
      "contains": "time",
      "values": {
        "p(90)": 21.780920000000002,
        "p(95)": 26.52987499999999,
        "avg": 14.652768906250028,
        "min": 4.3835,
        "med": 11.658249999999999,
        "max": 575.8372
      },
      "type": "trend"
    },
    "iteration_duration": {
      "type": "trend",
      "contains": "time",
      "values": {
        "p(90)": 1004.27968,
        "p(95)": 1039.61572,
        "avg": 723.7982339584088,
        "min": 355.7883,
        "med": 725.5296,
        "max": 1599.2923
      }
    },
    "http_req_connecting": {
      "type": "trend",
      "contains": "time",
      "values": {
        "max": 11.8356,
        "p(90)": 0,
        "p(95)": 0,
        "avg": 0.008121243990384615,
        "min": 0,
        "med": 0
      }
    },
    "data_received": {
      "type": "counter",
      "contains": "data",
      "values": {
        "count": 4048849,
        "rate": 33419.4856082169
      }
    },
    "http_req_blocked": {
      "contains": "time",
      "values": {
        "p(90)": 0,
        "p(95)": 0,
        "avg": 0.01492674879807692,
        "min": 0,
        "med": 0,
        "max": 11.8356
      },
      "type": "trend"
    },
    "http_req_tls_handshaking": {
      "type": "trend",
      "contains": "time",
      "values": {
        "min": 0,
        "med": 0,
        "max": 0,
        "p(90)": 0,
        "p(95)": 0,
        "avg": 0
      }
    },
    "http_reqs": {
      "type": "counter",
      "contains": "default",
      "values": {
        "count": 16640,
        "rate": 137.34773525037096
      }
    },
    "http_req_duration": {
      "type": "trend",
      "contains": "time",
      "values": {
        "p(90)": 60.313410000000005,
        "p(95)": 64.668715,
        "avg": 36.175105787259575,
        "min": 4.3835,
        "med": 48.0837,
        "max": 576.3956
      }
    },
    "http_req_duration{expected_response:true}": {
      "type": "trend",
      "contains": "time",
      "values": {
        "avg": 36.175105787259575,
        "min": 4.3835,
        "med": 48.0837,
        "max": 576.3956,
        "p(90)": 60.313410000000005,
        "p(95)": 64.668715
      }
    },
    "contention_booking_success": {
      "type": "counter",
      "contains": "default",
      "values": {
        "count": 283,
        "rate": 2.3359019877316696
      }
    },
    "http_req_failed": {
      "values": {
        "rate": 0,
        "passes": 0,
        "fails": 16640
      },
      "thresholds": {
        "rate<0.05": {
          "ok": true
        }
      },
      "type": "rate",
      "contains": "default"
    },
    "checks": {
      "contains": "default",
      "values": {
        "passes": 16638,
        "fails": 0,
        "rate": 1
      },
      "thresholds": {
        "rate>0.95": {
          "ok": true
        }
      },
      "type": "rate"
    },
    "data_sent": {
      "type": "counter",
      "contains": "data",
      "values": {
        "count": 1979129,
        "rate": 16335.870547976647
      }
    }
  },
  "setup_data": {
    "initialTickets": 283,
    "targetEventId": 1
  },
  "root_group": {
    "name": "",
    "path": "",
    "id": "d41d8cd98f00b204e9800998ecf8427e",
    "groups": [],
    "checks": [
        {
          "name": "booking or sold out",
          "path": "::booking or sold out",
          "id": "2c12795334489147cd81635cc47e3d95",
          "passes": 8319,
          "fails": 0
        },
        {
          "id": "6420963690bfe9e7a914d5c5be9e0100",
          "passes": 8319,
          "fails": 0,
          "name": "event read 200",
          "path": "::event read 200"
        }
      ]
  },
  "options": {
    "summaryTrendStats": [
      "avg",
      "min",
      "med",
      "max",
      "p(90)",
      "p(95)"
    ],
    "summaryTimeUnit": "",
    "noColor": false
  },
  "state": {
    "isStdOutTTY": true,
    "isStdErrTTY": true,
    "testRunDurationMs": 121152.3435
  }
}