{
  "state": {
    "isStdOutTTY": true,
    "isStdErrTTY": true,
    "testRunDurationMs": 460980.3234
  },
  "metrics": {
    "iteration_duration": {
      "type": "trend",
      "contains": "time",
      "values": {
        "avg": 710.7793768733073,
        "min": 324.6924,
        "med": 710.8331,
        "max": 1407.7949,
        "p(90)": 992.5099,
        "p(95)": 1031.2014
      }
    },
    "http_req_tls_handshaking": {
      "type": "trend",
      "contains": "time",
      "values": {
        "max": 0,
        "p(90)": 0,
        "p(95)": 0,
        "avg": 0,
        "min": 0,
        "med": 0
      }
    },
    "http_req_duration{scenario:search_filter}": {
      "thresholds": {
        "p(95)<500": {
          "ok": true
        }
      },
      "type": "trend",
      "contains": "time",
      "values": {
        "med": 10.54985,
        "max": 132.0626,
        "p(90)": 20.15227,
        "p(95)": 25.282059999999998,
        "avg": 12.672595005790349,
        "min": 2.3982
      }
    },
    "http_req_duration{scenario:list_reads}": {
      "type": "trend",
      "contains": "time",
      "values": {
        "med": 22.1458,
        "max": 242.4061,
        "p(90)": 54.51046000000004,
        "p(95)": 72.46934499999999,
        "avg": 28.952854257907536,
        "min": 4.3655
      },
      "thresholds": {
        "p(95)<500": {
          "ok": true
        }
      }
    },
    "http_req_duration{scenario:writes}": {
      "type": "trend",
      "contains": "time",
      "values": {
        "avg": 21.505532644394144,
        "min": 3.2772,
        "med": 18.55375,
        "max": 308.1529,
        "p(90)": 33.47608,
        "p(95)": 42.206554999999994
      },
      "thresholds": {
        "p(95)<1000": {
          "ok": true
        }
      }
    },
    "checks": {
      "values": {
        "rate": 1,
        "passes": 27119,
        "fails": 0
      },
      "thresholds": {
        "rate>0.95": {
          "ok": true
        }
      },
      "type": "rate",
      "contains": "default"
    },
    "http_req_blocked": {
      "type": "trend",
      "contains": "time",
      "values": {
        "avg": 0.03374348082595873,
        "min": 0,
        "med": 0,
        "max": 27.0747,
        "p(90)": 0,
        "p(95)": 0
      }
    },
    "http_req_waiting": {
      "values": {
        "avg": 19.33618299410033,
        "min": 2.0588,
        "med": 14.5452,
        "max": 306.7268,
        "p(90)": 35.014100000000035,
        "p(95)": 47.677089999999986
      },
      "type": "trend",
      "contains": "time"
    },
    "http_reqs": {
      "type": "counter",
      "contains": "default",
      "values": {
        "count": 27120,
        "rate": 58.831144461815875
      }
    },
    "data_sent": {
      "contains": "data",
      "values": {
        "count": 2550272,
        "rate": 5532.279515078322
      },
      "type": "counter"
    },
    "iterations": {
      "type": "counter",
      "contains": "default",
      "values": {
        "rate": 18.441134183993242,
        "count": 8501
      }
    },
    "http_req_duration{scenario:heavy_aggregations}": {
      "thresholds": {
        "p(95)<1500": {
          "ok": true
        }
      },
      "type": "trend",
      "contains": "time",
      "values": {
        "avg": 19.18858507899357,
        "min": 4.7663,
        "med": 14.9231,
        "max": 157.3424,
        "p(90)": 32.68368000000001,
        "p(95)": 43.65431999999999
      }
    },
    "http_req_sending": {
      "values": {
        "med": 0,
        "max": 5.7342,
        "p(90)": 0,
        "p(95)": 0,
        "avg": 0.022416076696165167,
        "min": 0
      },
      "type": "trend",
      "contains": "time"
    },
    "data_received": {
      "contains": "data",
      "values": {
        "rate": 204263.32366098557,
        "count": 94161373
      },
      "type": "counter"
    },
    "http_req_duration{scenario:light_reads}": {
      "type": "trend",
      "contains": "time",
      "values": {
        "min": 2.0588,
        "med": 15.0738,
        "max": 196.5388,
        "p(90)": 33.588040000000014,
        "p(95)": 46.18779999999999,
        "avg": 19.05144956193355
      },
      "thresholds": {
        "p(95)<200": {
          "ok": true
        }
      }
    },
    "http_req_failed": {
      "type": "rate",
      "contains": "default",
      "values": {
        "rate": 0,
        "passes": 0,
        "fails": 27120
      },
      "thresholds": {
        "rate<0.05": {
          "ok": true
        }
      }
    },
    "http_req_duration{expected_response:true}": {
      "type": "trend",
      "contains": "time",
      "values": {
        "max": 308.1529,
        "p(90)": 35.43094,
        "p(95)": 48.093869999999995,
        "avg": 19.572329185103207,
        "min": 2.0588,
        "med": 14.7473
      }
    },
    "vus": {
      "type": "gauge",
      "contains": "default",
      "values": {
        "max": 20,
        "value": 20,
        "min": 0
      }
    },
    "http_req_duration": {
      "type": "trend",
      "contains": "time",
      "values": {
        "avg": 19.572329185103207,
        "min": 2.0588,
        "med": 14.7473,
        "max": 308.1529,
        "p(90)": 35.43094,
        "p(95)": 48.093869999999995
      }
    },
    "http_req_receiving": {
      "type": "trend",
      "contains": "time",
      "values": {
        "med": 0,
        "max": 44.987,
        "p(90)": 0.6208100000000002,
        "p(95)": 0.9937049999999985,
        "avg": 0.213730114306785,
        "min": 0
      }
    },
    "vus_max": {
      "type": "gauge",
      "contains": "default",
      "values": {
        "value": 20,
        "min": 20,
        "max": 20
      }
    },
    "http_req_connecting": {
      "type": "trend",
      "contains": "time",
      "values": {
        "avg": 0.010043045722713875,
        "min": 0,
        "med": 0,
        "max": 10.2566,
        "p(90)": 0,
        "p(95)": 0
      }
    }
  },
  "root_group": {
    "name": "",
    "path": "",
    "id": "d41d8cd98f00b204e9800998ecf8427e",
    "groups": [],
    "checks": [
        {
          "passes": 1655,
          "fails": 0,
          "name": "health 200",
          "path": "::health 200",
          "id": "8e4f90a842a57472549a6b2cf699032d"
        },
        {
          "id": "9400e30b34b5bd5a61348b7a461d6b31",
          "passes": 1655,
          "fails": 0,
          "name": "user 200",
          "path": "::user 200"
        },
        {
          "name": "event 200",
          "path": "::event 200",
          "id": "2960fe5baba029eb3c571090547b734b",
          "passes": 1655,
          "fails": 0
        },
        {
          "name": "booking 200 or 404",
          "path": "::booking 200 or 404",
          "id": "3de3597a14649ec5c940431f5c6a8580",
          "passes": 1655,
          "fails": 0
        },
        {
          "name": "users 200",
          "path": "::users 200",
          "id": "84d5e52ac2e418f4db0f079fd031156d",
          "passes": 1644,
          "fails": 0
        },
        {
          "name": "events 200",
          "path": "::events 200",
          "id": "76bdd0589e3db2f73358e667a40fa019",
          "passes": 1644,
          "fails": 0
        },
        {
          "name": "bookings 200",
          "path": "::bookings 200",
          "id": "ffc52e51a9d864d239ca3c687df1b540",
          "passes": 1644,
          "fails": 0
        },
        {
          "passes": 1727,
          "fails": 0,
          "name": "search 200",
          "path": "::search 200",
          "id": "f1430541508c538fdf29bbd85cfe5de5"
        },
        {
          "path": "::upcoming 200",
          "id": "d448944abdade87acbb9b1020aaca3a0",
          "passes": 1727,
          "fails": 0,
          "name": "upcoming 200"
        },
        {
          "fails": 0,
          "name": "user bookings 200",
          "path": "::user bookings 200",
          "id": "d138d28d4b557a6c271401334ad37d85",
          "passes": 1727
        },
        {
          "fails": 0,